query,system,expect,exploration,positives,hits@10,recall@10,ndcg@10,candidate_recall,tail_candidate_recall,tail_exposure,mean_relevance,novelty,ild,serendipity,hallucination_rate,constraint_pass,evidence_accuracy,fallback,steps,repairs,latency_ms,head,mid,tail
pf-text-zh,rag-rel-v1,pink_floyd,0.5,81,1,0.1,0.11004588314904008,0.03333333333333333,,0.2,0.99527,0.05552419999999999,0.18271851009792753,0.0,0.0,1.0,1.0,,,,,3,5,2
pf-text-zh,rag-tailmix-v1,pink_floyd,0.5,81,0,0.0,0.0,0.03333333333333333,,0.4,0.99185,0.1104972,0.20249358415603638,0.4,0.0,1.0,1.0,,,,,3,3,4
pf-text-zh,agent-react-v1,pink_floyd,0.5,81,0,0.0,0.0,0.03333333333333333,,0.4,0.99047,0.08768370000000002,0.1724558181232876,0.0,0.0,1.0,1.0,,2,0,8653.8,4,2,4
pf-text-en,rag-rel-v1,pink_floyd,0.5,81,0,0.0,0.0,0.0,,0.3,0.99404,0.0654643,0.1629587729771932,0.0,0.0,1.0,1.0,,,,,5,2,3
pf-text-en,rag-tailmix-v1,pink_floyd,0.5,81,0,0.0,0.0,0.0,,0.5,0.98979,0.09573060000000001,0.18806849320729574,0.5,0.0,1.0,1.0,,,,,4,1,5
pf-text-en,agent-react-v1,pink_floyd,0.5,81,0,0.0,0.0,0.0,,0.5,0.97423,0.10848880000000001,0.19510361750920613,0.3,0.0,1.0,1.0,,2,0,8558.9,4,1,5
pf-genre-zh,rag-rel-v1,pink_floyd,0.5,81,0,0.0,0.0,0.0,,0.2,0.9976499999999999,0.04255420000000001,0.17356066703796386,0.0,0.0,1.0,1.0,,,,,6,2,2
pf-genre-zh,rag-tailmix-v1,pink_floyd,0.5,81,0,0.0,0.0,0.0,,0.5,0.9925599999999999,0.10646170000000002,0.18893330494562785,0.4,0.0,1.0,1.0,,,,,4,1,5
pf-genre-zh,agent-react-v1,pink_floyd,0.5,81,0,0.0,0.0,0.0,,0.4,0.98926,0.09775990000000001,0.18109673394097223,0.1,0.0,1.0,1.0,,2,0,8408.8,5,1,4
pf-hint,rag-rel-v1,pink_floyd,0.5,81,0,0.0,0.0,0.0,,0.3,0.9930199999999999,0.05837089999999999,0.15876554383171929,0.0,0.0,1.0,1.0,,,,,6,1,3
pf-hint,rag-tailmix-v1,pink_floyd,0.5,81,0,0.0,0.0,0.0,,0.4,0.97635,0.104546,0.18493996328777737,0.2,0.0,1.0,1.0,,,,,5,1,4
pf-hint,agent-react-v1,pink_floyd,0.5,81,0,0.0,0.0,0.0,,0.4,0.9772299999999999,0.1062381,0.17756600247489082,0.4,0.0,1.0,1.0,,3,0,8857.7,5,1,4
oasis-text-zh,rag-rel-v1,oasis,0.5,131,2,0.2,0.2984900352767555,0.06666666666666667,,0.1,0.99727,0.0135826,0.14922877815034655,0.0,0.0,1.0,1.0,,,,,9,0,1
oasis-text-zh,rag-tailmix-v1,oasis,0.5,131,2,0.2,0.15457433957839825,0.06666666666666667,,0.4,0.9917400000000001,0.08855690000000001,0.1679036299387614,0.4,0.0,1.0,1.0,,,,,6,0,4
oasis-text-zh,agent-react-v1,oasis,0.5,131,2,0.2,0.13568544539116628,0.06666666666666667,,0.4,0.98282,0.08531649999999999,0.17421187692218357,0.2,0.0,1.0,1.0,,2,0,8137.1,6,0,4
oasis-text-en,rag-rel-v1,oasis,0.5,131,2,0.2,0.2934556883974402,0.06666666666666667,,0.3,0.9961500000000001,0.03561050000000001,0.14986822207768757,0.0,0.0,1.0,1.0,,,,,7,0,3
oasis-text-en,rag-tailmix-v1,oasis,0.5,131,2,0.2,0.13961814555374907,0.06666666666666667,,0.4,0.9910500000000001,0.0918738,0.18340986304812962,0.6,0.0,1.0,1.0,,,,,6,0,4
oasis-text-en,agent-react-v1,oasis,0.5,131,0,0.0,0.0,0.06666666666666667,,0.4,0.9925900000000001,0.1122398,0.1825523296991984,0.3,0.0,1.0,1.0,,2,0,8214.7,4,2,4
oasis-hint,rag-rel-v1,oasis,0.5,131,2,0.2,0.23365080824310533,0.06666666666666667,,0.3,0.99574,0.044276800000000005,0.14127187463972304,0.0,0.0,1.0,1.0,,,,,5,2,3
oasis-hint,rag-tailmix-v1,oasis,0.5,131,2,0.2,0.13305201013572898,0.06666666666666667,,0.4,0.9914999999999999,0.09381830000000001,0.1567494683795505,0.4,0.0,1.0,1.0,,,,,4,2,4
oasis-hint,agent-react-v1,oasis,0.5,131,1,0.1,0.06625422345438903,0.06666666666666667,,0.4,0.9906200000000001,0.0933088,0.15914470354715984,0.6,0.0,1.0,1.0,,3,0,8489.9,5,1,4
both-between,rag-rel-v1,both,0.5,201,1,0.1,0.09478836436955078,0.06666666666666667,,0.4,0.9892,0.0570285,0.160187123881446,0.0,0.0,1.0,1.0,,,,,6,0,4
both-between,rag-tailmix-v1,both,0.5,201,1,0.1,0.06943122193677727,0.06666666666666667,,0.6,0.9480000000000001,0.11718199999999998,0.2173951480123732,0.3,0.0,1.0,1.0,,,,,4,0,6
both-between,agent-react-v1,both,0.5,201,1,0.1,0.06943122193677727,0.06666666666666667,,0.5,0.95041,0.10506940000000001,0.20548463927374946,0.2,0.0,1.0,1.0,,2,0,8359.1,5,0,5
both-psych-brit,rag-rel-v1,both,0.5,201,2,0.2,0.23365080824310533,0.06666666666666667,,0.1,0.9974299999999999,0.026334899999999994,0.14269205331802368,0.0,0.0,1.0,1.0,,,,,6,3,1
both-psych-brit,rag-tailmix-v1,both,0.5,201,2,0.2,0.14279514403613733,0.06666666666666667,,0.5,0.98005,0.11879529999999998,0.19108443790011936,0.5,0.0,1.0,1.0,,,,,3,2,5
both-psych-brit,agent-react-v1,both,0.5,201,1,0.1,0.06943122193677727,0.06666666666666667,,0.5,0.9785999999999999,0.12018149999999998,0.18781351380878025,0.6,0.0,1.0,1.0,,2,0,8329.3,3,2,5
both-none,rag-rel-v1,both,0.5,201,1,0.1,0.11004588314904008,0.06666666666666667,,0.2,0.99178,0.030781100000000006,0.15643327633539836,0.0,0.0,1.0,1.0,,,,,6,2,2
both-none,rag-tailmix-v1,both,0.5,201,1,0.1,0.06943122193677727,0.06666666666666667,,0.5,0.94644,0.10266469999999998,0.2102909114625719,0.3,0.0,1.0,1.0,,,,,4,1,5
both-none,agent-react-v1,both,0.5,201,0,0.0,0.0,0.06666666666666667,,0.5,0.9465999999999999,0.105625,0.20398569371965197,0.3,0.0,1.0,1.0,,3,0,8745.9,3,2,5
explore-0.1,rag-rel-v1,oasis,0.1,131,2,0.2,0.2984900352767555,0.1,,0.2,0.99627,0.0350425,0.13957127465142144,0.0,0.0,1.0,1.0,,,,,6,2,2
explore-0.1,rag-tailmix-v1,oasis,0.1,131,1,0.1,0.06943122193677727,0.1,,0.2,0.9949899999999999,0.04217669999999999,0.15262112352583143,0.3,0.0,1.0,1.0,,,,,6,2,2
explore-0.1,agent-react-v1,oasis,0.1,131,0,0.0,0.0,0.1,,0.1,0.9944000000000001,0.03601430000000002,0.15701547728644477,0.0,0.0,1.0,1.0,,2,0,8684.4,7,2,1
explore-0.5,rag-rel-v1,oasis,0.5,131,2,0.2,0.2984900352767555,0.06666666666666667,,0.3,0.9959,0.043674000000000004,0.14176777733696833,0.0,0.0,1.0,1.0,,,,,6,1,3
explore-0.5,rag-tailmix-v1,oasis,0.5,131,1,0.1,0.06625422345438903,0.06666666666666667,,0.4,0.99193,0.09316189999999999,0.16128473811679417,0.5,0.0,1.0,1.0,,,,,5,1,4
explore-0.5,agent-react-v1,oasis,0.5,131,0,0.0,0.0,0.06666666666666667,,0.4,0.98866,0.09357540000000002,0.17558835744857787,0.1,0.0,1.0,1.0,,2,0,8516.7,4,2,4
explore-0.9,rag-rel-v1,oasis,0.9,131,1,0.1,0.22009176629808017,0.03333333333333333,,0.6,0.99311,0.08285119999999999,0.14644027948379518,0.0,0.0,1.0,1.0,,,,,4,0,6
explore-0.9,rag-tailmix-v1,oasis,0.9,131,0,0.0,0.0,0.03333333333333333,,0.7,0.9859899999999999,0.16740729999999998,0.1786597490310669,0.6,0.0,1.0,1.0,,,,,3,0,7
explore-0.9,agent-react-v1,oasis,0.9,131,0,0.0,0.0,0.03333333333333333,,0.7,0.9606600000000001,0.145463,0.18956757386525472,0.1,0.0,1.0,1.0,,2,0,8558.8,2,1,7
