query,system,expect,exploration,positives,hits@10,recall@10,ndcg@10,candidate_recall,tail_candidate_recall,tail_exposure,mean_relevance,novelty,ild,serendipity,hallucination_rate,constraint_pass,evidence_accuracy,fallback,latency_ms,head,mid,tail
pf-text-zh,rag-rel-v1,pink_floyd,0.5,81,1,0.1,0.07839826897867533,0.03333333333333333,,0.1,0.9965999999999999,0.04526619999999999,0.18058601087994045,0.0,0.0,1.0,1.0,,,3,6,1
pf-text-zh,rag-tailmix-v1,pink_floyd,0.5,81,0,0.0,0.0,0.03333333333333333,,0.4,0.99225,0.1189126,0.20712129010094538,0.4,0.0,1.0,1.0,,,2,4,4
pf-text-zh,agent-react-v1,pink_floyd,0.5,81,1,0.1,0.11004588314904008,0.03333333333333333,,0.4,0.98955,0.1092403,0.16850993633270264,0.5,0.0,1.0,1.0,,10916.0,4,2,4
pf-text-en,rag-rel-v1,pink_floyd,0.5,81,0,0.0,0.0,0.0,,0.3,0.99542,0.0673858,0.17190693087048,0.0,0.0,1.0,1.0,,,5,2,3
pf-text-en,rag-tailmix-v1,pink_floyd,0.5,81,0,0.0,0.0,0.0,,0.6,0.9841900000000001,0.12122389999999998,0.21207911968231202,0.5,0.0,1.0,1.0,,,3,1,6
pf-text-en,agent-react-v1,pink_floyd,0.5,81,0,0.0,0.0,0.0,,0.4,0.9895200000000001,0.0756082,0.18651781611972384,0.5,0.0,1.0,1.0,,7287.3,3,3,4
pf-genre-zh,rag-rel-v1,pink_floyd,0.5,81,0,0.0,0.0,0.0,,0.2,0.99787,0.04674530000000001,0.16555349032084146,0.0,0.0,1.0,1.0,,,4,4,2
pf-genre-zh,rag-tailmix-v1,pink_floyd,0.5,81,0,0.0,0.0,0.0,,0.5,0.99218,0.10652920000000002,0.19078899489508735,0.5,0.0,1.0,1.0,,,4,1,5
pf-genre-zh,agent-react-v1,pink_floyd,0.5,81,0,0.0,0.0,0.0,,0.4,0.9835800000000001,0.10746249999999999,0.2014622171719869,0.2,0.0,1.0,1.0,,7660.8,0,6,4
pf-hint,rag-rel-v1,pink_floyd,0.5,81,0,0.0,0.0,0.0,,0.2,0.9952799999999999,0.030462100000000002,0.1589783814218309,0.0,0.0,1.0,1.0,,,8,0,2
pf-hint,rag-tailmix-v1,pink_floyd,0.5,81,0,0.0,0.0,0.0,,0.5,0.97628,0.11474950000000002,0.19467474619547526,0.5,0.0,1.0,1.0,,,5,0,5
pf-hint,agent-react-v1,pink_floyd,0.5,81,0,0.0,0.0,0.0,,0.4,0.99428,0.09554309999999998,0.1703881131278144,0.2,0.0,1.0,0.9,,8369.4,4,2,4
oasis-text-zh,rag-rel-v1,oasis,0.5,131,2,0.2,0.2082936658103318,0.06666666666666667,,0.2,0.99695,0.04221590000000001,0.1597912377781338,0.0,0.0,1.0,1.0,,,5,3,2
oasis-text-zh,rag-tailmix-v1,oasis,0.5,131,2,0.2,0.13305201013572898,0.06666666666666667,,0.4,0.9920899999999999,0.09836230000000001,0.1787170926729838,0.3,0.0,1.0,1.0,,,3,3,4
oasis-text-zh,agent-react-v1,oasis,0.5,131,2,0.2,0.23365080824310533,0.06666666666666667,,0.4,0.9928699999999999,0.08912750000000003,0.17449459499782985,0.3,0.0,1.0,1.0,,11298.2,4,2,4
oasis-text-en,rag-rel-v1,oasis,0.5,131,1,0.1,0.13886244387355454,0.03333333333333333,,0.3,0.9965400000000001,0.035517200000000006,0.1478639562924703,0.0,0.0,1.0,1.0,,,7,0,3
oasis-text-en,rag-tailmix-v1,oasis,0.5,131,1,0.1,0.06943122193677727,0.03333333333333333,,0.4,0.9914400000000001,0.0917805,0.183917588657803,0.6,0.0,1.0,1.0,,,6,0,4
oasis-text-en,agent-react-v1,oasis,0.5,131,2,0.2,0.14465249243306436,0.03333333333333333,,0.4,0.9796400000000001,0.05869220000000001,0.162530255317688,0.4,0.0,1.0,0.8,,7598.7,5,1,4
oasis-hint,rag-rel-v1,oasis,0.5,131,2,0.2,0.23365080824310533,0.1,,0.2,0.9945600000000001,0.032748200000000005,0.14889605840047201,0.0,0.0,1.0,1.0,,,6,2,2
oasis-hint,rag-tailmix-v1,oasis,0.5,131,2,0.2,0.13961814555374907,0.1,,0.4,0.99067,0.08991790000000001,0.16013618310292563,0.4,0.0,1.0,1.0,,,5,1,4
oasis-hint,agent-react-v1,oasis,0.5,131,1,0.1,0.11004588314904008,0.1,,0.4,0.9934799999999999,0.09094870000000002,0.15283076233334011,0.4,0.0,1.0,1.0,,10238.2,4,2,4
both-between,rag-rel-v1,both,0.5,201,1,0.1,0.08514311764162098,0.06666666666666667,,0.4,0.99079,0.0628338,0.1634265316857232,0.0,0.0,1.0,1.0,,,5,1,4
both-between,rag-tailmix-v1,both,0.5,201,1,0.1,0.06625422345438903,0.06666666666666667,,0.6,0.94959,0.12298729999999998,0.2164569616317749,0.3,0.0,1.0,1.0,,,3,1,6
both-between,agent-react-v1,both,0.5,201,1,0.1,0.06362078819895171,0.06666666666666667,,0.4,0.9909000000000001,0.0841346,0.18740919431050618,0.2,0.0,1.0,1.0,,7496.2,2,4,4
both-psych-brit,rag-rel-v1,both,0.5,201,2,0.2,0.19518900079066107,0.06666666666666667,,0.0,0.99778,0.014450299999999994,0.13866309457355075,0.0,0.0,1.0,1.0,,,7,3,0
both-psych-brit,rag-tailmix-v1,both,0.5,201,2,0.2,0.13568544539116628,0.06666666666666667,,0.5,0.9800599999999999,0.12403109999999999,0.19108444584740533,0.6,0.0,1.0,1.0,,,2,3,5
both-psych-brit,agent-react-v1,both,0.5,201,1,0.1,0.07336392209936005,0.06666666666666667,,0.3,0.97252,0.06775590000000001,0.17753459877438016,0.3,0.0,1.0,1.0,,9030.6,3,4,3
both-none,rag-rel-v1,both,0.5,201,1,0.1,0.08514311764162098,0.06666666666666667,,0.1,0.99423,0.02419390000000001,0.17998888492584228,0.0,0.0,1.0,1.0,,,7,2,1
both-none,rag-tailmix-v1,both,0.5,201,1,0.1,0.06625422345438903,0.06666666666666667,,0.5,0.94887,0.10950609999999998,0.2196575535668267,0.3,0.0,1.0,1.0,,,3,2,5
both-none,agent-react-v1,both,0.5,201,2,0.2,0.23365080824310533,0.06666666666666667,,0.4,0.9921300000000001,0.0931834,0.16959392229715983,0.2,0.0,1.0,1.0,,10548.7,5,1,4
explore-0.1,rag-rel-v1,oasis,0.1,131,2,0.2,0.2934556883974402,0.06666666666666667,,0.1,0.9967499999999999,0.02412540000000001,0.13984403477774726,0.0,0.0,1.0,1.0,,,6,3,1
explore-0.1,rag-tailmix-v1,oasis,0.1,131,1,0.1,0.06943122193677727,0.06666666666666667,,0.2,0.99476,0.04354,0.15996727148691814,0.4,0.0,1.0,1.0,,,5,3,2
explore-0.1,agent-react-v1,oasis,0.1,131,2,0.2,0.18340980524840012,0.06666666666666667,,0.2,0.9969100000000001,0.05232820000000001,0.1416803108321296,0.0,0.0,1.0,1.0,,9239.4,7,1,2
explore-0.5,rag-rel-v1,oasis,0.5,131,2,0.2,0.2934556883974402,0.06666666666666667,,0.3,0.99583,0.04145,0.1471407651901245,0.0,0.0,1.0,1.0,,,6,1,3
explore-0.5,rag-tailmix-v1,oasis,0.5,131,2,0.2,0.13568544539116628,0.06666666666666667,,0.4,0.9918800000000001,0.0909862,0.16692334281073676,0.4,0.0,1.0,1.0,,,5,1,4
explore-0.5,agent-react-v1,oasis,0.5,131,1,0.1,0.11004588314904008,0.06666666666666667,,0.4,0.9712999999999999,0.0743264,0.21408222383923,0.2,0.0,1.0,1.0,,8644.6,3,3,4
explore-0.9,rag-rel-v1,oasis,0.9,131,1,0.1,0.22009176629808017,0.03333333333333333,,0.6,0.99298,0.08283189999999999,0.1477223171128167,0.0,0.0,1.0,1.0,,,4,0,6
explore-0.9,rag-tailmix-v1,oasis,0.9,131,0,0.0,0.0,0.03333333333333333,,0.7,0.9859899999999999,0.16740729999999998,0.1786597490310669,0.5,0.0,1.0,1.0,,,3,0,7
explore-0.9,agent-react-v1,oasis,0.9,131,0,0.0,0.0,0.03333333333333333,,0.6,0.9887499999999999,0.15190330000000002,0.20081397294998168,0.2,0.0,1.0,1.0,,10702.4,2,2,6
